id,created_at,title,description,imageSrc
731f9300-69a9-11ed-a1eb-0242ac120002,NOW(),"title_1","description_1",https://pbs.twimg.com/media/Fav3j_kUIAAPzq9?format=jpg&name=small
731f962a-69a9-11ed-a1eb-0242ac120002,NOW(),"title_2","description_2",https://pbs.twimg.com/media/Fav3ck5UIAApfYy?format=jpg&name=small
731f97a6-69a9-11ed-a1eb-0242ac120002,NOW(),"title_3","description_3",https://pbs.twimg.com/media/Fav3VFPVUAAp9Ze?format=jpg&name=small
731f992c-69a9-11ed-a1eb-0242ac120002,NOW(),"title_4","description_4",https://pbs.twimg.com/media/Fav3PGhVEAAEBVa?format=jpg&name=small
731f9ab2-69a9-11ed-a1eb-0242ac120002,NOW(),"title_5","description_5",https://pbs.twimg.com/media/Fav21MEVUAAA_Wt?format=jpg&name=small
731f9d8c-69a9-11ed-a1eb-0242ac120002,NOW(),"title_6","description_6",https://pbs.twimg.com/media/Fav3F7fVUAAWeqG?format=jpg&name=small
731fa386-69a9-11ed-a1eb-0242ac120002,NOW(),"title_7","description_7",https://pbs.twimg.com/media/Fav3B_9VsAA8rww?format=jpg&name=small
731fa52a-69a9-11ed-a1eb-0242ac120002,NOW(),"title_8","description_8",https://pbs.twimg.com/media/Fav15HqVQAAjDNZ?format=jpg&name=360x360
731fa6b0-69a9-11ed-a1eb-0242ac120002,NOW(),"title_9","description_9",https://pbs.twimg.com/media/Fav1S-JUYAIjNQs?format=jpg&name=small
